{
    "precision": 1.0,
    "recall": 1.0,
    "accuracy": 1.0,
    "avg_detection_time": 0.05529028064799758,
    "avg_recognition_time": 0.3522247534531813,
    "fps": 13.56477108110252,
    "avg_confidence": 0.5448896246935617,
    "f1_score": 1.0,
    "total_faces": 13,
    "processing_frames": 159,
    "unknown_faces_detected": 0
}